﻿2195422,1470668,699205,680631,532198,1449181,2185222,510026,700336,893864,777380,1009617,656011,339615,331542,262005,519616,345703,1860222,488343,145378,493975,1347268,569832,5196805,582165,353686,656438,82588,153980,152068,791083,1271244,688646,186991,90800,370179,147474,1471213,69463,341714,167754,161103,177985,737850,319471,577789,2713246,224972,370743
,,,,,,,,,,,,,,,,,,,,,,,,,,,,,,,,,,,,,,,,,,,,,,,,,
2020. 11. 13.,2020. 11. 13.,2020. 11. 13.,최초 공개: 2020. 11. 13.,23시간 전 최초 공개,최초 공개: 2020. 11. 13.,2020. 11. 12.,2020. 11. 13.,2020. 11. 13.,2020. 11. 14.,2020. 11. 14.,2020. 11. 13.,2020. 11. 13.,2020. 11. 13.,2020. 11. 13.,2020. 11. 13.,2020. 11. 12.,2020. 11. 13.,2020. 11. 11.,2020. 11. 13.,2020. 11. 13.,2020. 11. 13.,2020. 11. 13.,2020. 11. 12.,실시간 스트리밍 시작일: 2020. 11. 13.,2020. 11. 13.,2020. 11. 13.,2020. 11. 12.,2020. 11. 13.,2020. 11. 13.,2020. 11. 13.,2020. 11. 12.,최초 공개: 2020. 11. 11.,2020. 11. 12.,2020. 11. 13.,2020. 11. 13.,2020. 11. 13.,2020. 11. 13.,2020. 11. 11.,2020. 11. 13.,2020. 11. 12.,2020. 11. 12.,2020. 11. 12.,2020. 11. 12.,2020. 11. 12.,2020. 11. 12.,2020. 11. 11.,2020. 11. 9.,2020. 11. 11.,2020. 11. 11.
,,,,,,,,,,,,,,,,,,,,,,,,,,,,,,,,,,,,,,,,,,,,,,,,,
5.5만,1.4만,9.6천,1.2만,1.1만,1.4만,4.4만,"9.6천
이 동영상이 마음에 듭니다.","8.1천
이 동영상이 마음에 듭니다.","9.2천
이 동영상이 마음에 듭니다.","7.3천
이 동영상이 마음에 듭니다.","5.2천
이 동영상이 마음에 듭니다.","9.6만
이 동영상이 마음에 듭니다.","2.1천
이 동영상이 마음에 듭니다.","6.8천
이 동영상이 마음에 듭니다.","5.8천
이 동영상이 마음에 듭니다.","7.9천
이 동영상이 마음에 듭니다.","2.9천
이 동영상이 마음에 듭니다.","4.8만
이 동영상이 마음에 듭니다.","5.9천
이 동영상이 마음에 듭니다.","5.1천
이 동영상이 마음에 듭니다.","1만
이 동영상이 마음에 듭니다.","2만
이 동영상이 마음에 듭니다.","3.4천
이 동영상이 마음에 듭니다.","114만
이 동영상이 마음에 듭니다.","3.3만
이 동영상이 마음에 듭니다.","5.6천
이 동영상이 마음에 듭니다.","7.1천
이 동영상이 마음에 듭니다.","1.3천
이 동영상이 마음에 듭니다.","1.9천
이 동영상이 마음에 듭니다.","1.2천
이 동영상이 마음에 듭니다.","9.2천
이 동영상이 마음에 듭니다.","2.3만
이 동영상이 마음에 듭니다.","1.1만
이 동영상이 마음에 듭니다.","4.4천
이 동영상이 마음에 듭니다.","5.1천
이 동영상이 마음에 듭니다.","1.7만
이 동영상이 마음에 듭니다.","6.7천
이 동영상이 마음에 듭니다.","5.9만
이 동영상이 마음에 듭니다.","1.3천
이 동영상이 마음에 듭니다.","1.2만
이 동영상이 마음에 듭니다.","874
이 동영상이 마음에 듭니다.","2.6천
이 동영상이 마음에 듭니다.","4.4천
이 동영상이 마음에 듭니다.","9.3천
이 동영상이 마음에 듭니다.","5.2천
이 동영상이 마음에 듭니다.","7.4천
이 동영상이 마음에 듭니다.","8.2만
이 동영상이 마음에 듭니다.","2.1천
이 동영상이 마음에 듭니다.","9.8천
이 동영상이 마음에 듭니다."
,,,,,,,,,,,,,,,,,,,,,,,,,,,,,,,,,,,,,,,,,,,,,,,,,
636,562,177,179,121,505,787,158,363,227,246,457,243,95,137,171,126,89,1.1천,167,78,158,637,210,2.9천,1.3만,165,153,44,38,40,188,398,391,112,48,137,42,3.8만,49,210,41,223,135,218,107,298,6.7만,44,86
,,,,,,,,,,,,,,,,,,,,,,,,,,,,,,,,,,,,,,,,,,,,,,,,,
1100000,20.6,2250000,2290000,2290000,1200000,2660000,2250000,13.5,7760000,7760000,12.3,2640000,1320000,64.1,15.6,2250000,25.4,2290000,85.8,2.31,2320000,3790000,69.2,40100000,4700000,1070000,25.4,6.4,74.6,18.5,3.12,1780000,340000,8.23,260000,1800000,22.4,4700000,1.33,890000,2.08,50.2,5.75,62.3,29.7,45.3,4700000,14.9,2270000
,,,,,,,,,,,,,,,,,,,,,,,,,,,,,,,,,,,,,,,,,,,,,,,,,
5491,3037,771,706,801,4516,8493,719,1010,2900,3727,3931,6502,401,637,815,907,856,10367,1437,1237,1113,1846,695,39111,5187,527,1321,331,147,220,1020,4152,4128,834,179,1344,966,10563,364,2170,148,488,1660,1229,663,881,30945,556,784
,,,,,,,,,,,,,,,,,,,,,,,,,,,,,,,,,,,,,,,,,,,,,,,,,
네고왕 만나서 네고해왔습니다(ft.케이크왕) [네고왕] Ep.12,강형욱 최초로 상황실 뛰쳐나가다! 지능적으로 보호자 무시하는 골든 레트리버 '도리' [개는 훌륭하다],"[#구미호뎐] 김범에게 유일한 존재인 김용지, 이무기의 암시에 홀려 김범을 직접 죽이려고 했다? 제발 어떻게든 살아나주라..😭 | #갓구운클립 #Diggle",🕺ep.4-1 왜 술만마시면 싸우는건지 잘 모르겠지만 언제까지어깨춤을추게할거야,🕺ep.4-2 풍류취한사람특) 했던말또하고 별거아닌거로진지함 #언제까지어깨춤을추게할거야,"""너 미쳤어?"" 강형욱 극대노한 이유. 3개월 카네코르소와 대도시 노부부 가족 | 강형욱의 멍스쿨",[신병] 분리수거,"[#구미호뎐] 내 동생 괴롭히지 마😉 이래서 아기 여우가 형 못 잃지,, 이동욱 X 김범의 빌런 처단 빅픽처 총정리! | #갓구운클립 #Diggle",[꼬꼬무 8회 요약] ＂각오했기에 떳떳하다＂ 최악의 조폭 살인사건 | 꼬리에 꼬리를 무는 그날 이야기,SMTM9 [5회/풀버전] 스윙스 X 카키 X 래원 @3차 예선 I 트리플 크루 배틀 Full ver. EP.5 201113,SMTM9 [5회/풀버전] 머쉬베놈 X 미란이 @3차 예선 I 트리플 크루 배틀 Full ver. EP.5 201113,2020 올림픽대표 평가전 대한민국 vs 이집트 하이라이트,"[4K][special] 마마무(MAMAMOO)의 킬링보이스를 라이브로! /Mr.애매모호,너나 해,데칼코마니,별빛밤,I miss you,HIP,고고베베,딩가딩가,AYA | 딩고뮤직","[요약] 김소연X최예빈, 불륜+살인+부정입학 미스터리한 모녀의 비밀! #펜트하우스 #SBScatch",훈남이 존예 뷰티유튜버와 쌩얼로 소개팅하다 놀란 충격적 이유 (미트/쩡유/연우/Amazing Makeup/Korean) #레디팅 #NEW룩개팅14,"500원짜리 부침개 털다가 고백 ""이모님..저 라면 20개 먹어요ㅎ.."" ㅋㅋㅋ주위사람들 반응 꿀잼 MUKBANG EATING SHOW",[#유퀴즈온더블럭] 화재현장 베테랑 김명배 소방위님이 기억하는 대구 지하철 화재사건 | #갓구운클립 #Diggle,국대 4인방 슈팅 훈련 ㄷㄷㄷ#황의조 #권창훈 #황희찬 #이강인 | 2020 유럽 원정 EP.6,"안녕, 루시퍼 [지옥에서 온 그녀]",헤비급최강자 명현만 3대측정,그랑사가 | 연극의 왕 Full ver. [The King of the theater | Gran Saga],(EN) 주인 나와! 빵먹다 화난 쭈니형? 🍞실시간 리얼 먹방 사운드🍞(+ 🍪3D 장인 @사나고 Sanago 가 여기서 왜 나와?)ㅣ와썹맨2 ep.19ㅣ박준형,오늘부터 ❄얼.죽.아❄ 뜻은 얼어서 죽을 것 같은 아이스링크입니다. 힘들어서 빙(氷)글 돌았어요🥶🥶 | 아이스링크 알바 리뷰 | 비비 | 워크맨 ep.76,서진 룸살롱 사건의 배후? 범서방파 두목 김태촌의 고백 | 그알로 보는 '김태촌',2009** BTS (+ENG),SUB)입안 사르륵 초밥에 뜨끈한 우동 먹방🍣🍜 참치 연어 전복 등 모둠초밥 리얼사운드 Sushi & udon mukbang asmr,"저 사장 인데, 3억짜리 슈퍼카 정도는 타도 괜찮잖아요?",#손흥민#이강인 합류 #완전체 훈련 돌입! 도대체..킬포가 몇 개야? | 2020 유럽 원정 EP.5,"아이폰 12 미니/프로/맥스, 나라면 이거 산다! 유튜버들의 선택은? [꿀가주몽 ep.4]",필란드 빌사위 빌푸와 장인 장모님의 두근두근(?) 첫 만남! l #어서와정류장 l #어서와한국은처음이지 l EP.165,이천수가 아시아의 베컴으로 불리는 이유.,[라디오스타] ＂너 진짜 잘 하고 있어＂ 이수만도 인정한 만능열쇠 키의 축 전역 토크✨ | #엠뚜루마뚜루 #잼모아,노래방 사장님의 노래실력 (Feat. 임창정) | ODG,이것은 상상도 못한 가지│맘스터치 리얼비프버거,1000만원짜리 알바 #2 [기시니 스릴러툰],몽골 가족이 한국에 처음 와서 충격받은 이유?,성견 진돗개가 고양이에게 맞을때 보이는 놀라운(!) 행동,울아빠도 인정한 폐가의 매력 (그렇다고 눌러앉을것까지야...)│MBC PD 시골살이 VLOG 오느른 EP.24,SUB)바삭한 돈까스에 매콤새콤 쫄면 먹방 ! (ft.왕새우튀김) 리얼사운드 Pork cutlet jjolmyeon mukbang asmr,개를 건드리면 안 되는 이유,미파학 개론 : Q&A 3편 - 모든 것을 말해줄게요,구미호뎐 11회 - 이연에게 한방먹은 이무기 그를 만든건 복길이일까?,"(Sub)""아빠가 여기 건물주에요"" Black Pink 리사 닮은 미녀분 빵터진 카페 알바 면접 몰카ㅋㅋ",어몽어스 애니메이션 - 펫3/AMONG US ANIMATION - PET3,친구라고? 18살 차이는 결국 극복할 수 없었습니다,겨털밀기빵 게임내기중에 프로게이머가 몰래 대신한다면?ㅎㅎ,저 승무원이었어요..,SUB)매콤달콤한 제육볶음에 된장시래기국 집밥 먹방 리얼사운드 Jeyukbokkeum mukbang ASMR,(펀치력 ㅎㄷㄷ) 헤비급 최강 핵주먹 김형규 VS 최강 맷집 이상수 100% 풀파워 스파링!!,[Eng] 초아(CHOA)에게 쎈 언니 메이크업 해주기😎 l 이사배(RISABAE Makeup)
,,,,,,,,,,,,,,,,,,,,,,,,,,,,,,,,,,,,,,,,,,,,,,,,,
15.11,23.09,12.27,15.55,10.37,14.29,4.43,12.19,19.28,3.4,3.03,9.44,15,23.12,13.39,12.22,18.38,5.35,8.12,13.38,10.16,12.34,12.49,12.4,6.27,9.18,10.54,6.21,13.28,10.08,9.54,14.54,8.51,8.17,3.47,9.09,10.46,10.35,8.26,5.36,29.45,8.21,9.01,3.43,8.44,5.42,4.19,10.59,6.45,14.33
