,Unnamed: 0,조회수,날짜,좋아요수,싫어요수,구독자수,댓글,제목,영상길이
0,0,2479148,2020. 11. 6.,69000,605,1060000,13864,화장품왕 만나서 네고해왔습니다 [네고왕] Ep.11,889
1,1,3008234,2020. 11. 6.,39000,1000,3780000,2918,로꼬 전역하자마자 연행 위기?! 💊부터 금괴까지 선 넘는 밀수품에 모든걸 의심하게 된다는 관세청 직업 리뷰 | 워크맨 ep.75,824
2,2,939751,2020. 11. 7.,14000,225,2270000,1084,🕺ep.3-2 은초딩 입맛을 만족시킨 최고의 안주는?! #언제까지어깨춤을추게할거야,863
3,3,1238319,2020. 11. 7.,34000,684,2290000,3124,장난전화 [총몇명 단편],145
4,4,1798286,2020. 11. 6.,20000,408,1170000,1437,"강형욱이 탐낸 천재견, 신비의 견종 3개월 파라오 하운드와 저 세상 터그놀이 | 강형욱의 멍스쿨",971
5,5,2495139,2020. 11. 5.,75000,10000,6430000,24598,[MPD직캠] 트와이스 1위 앵콜 직캠 4K 'I CAN'T STOP ME' (TWICE FanCam No.1 Encore) | @MCOUNTDOWN_2020.11.5,305
6,6,335615,2020. 11. 7.,8800,98,57300,503,(ENG) 환불원정대. 만옥천옥조지 험난한 브런치 원정기.,309
7,7,1395420,2020. 11. 5.,25000,601,2650000,3528,[2인팟] 제시,287
8,8,665891,2020. 11. 5.,5800,137,2240000,600,[#유퀴즈온더블럭] 어제 방송한 법치의학자&법의조사관 편! 드라마와 정반대인 국과수의 현실 | #갓구운클립 #Diggle,892
9,9,2971625,2020. 11. 4.,92000,2200,1020000,17710,임영웅 [HERO] MV,218
10,10,874533,2020. 11. 6.,19000,145,2870000,2044,[하이라이트]누구의 인생이건 예능신이 머물다 가는 순간이 있다... #신서유기8 | tvnbros8 EP.5,275
11,11,580331,2020. 11. 6.,5700,272,1070000,395,[TV 동물농장 레전드] ‘멸종 위기 늑대의 출산 현장 24시’ 풀버전 다시보기 I TV동물농장 (Animal Farm) | SBS Story,837
12,12,449836,2020. 11. 7.,7500,261,616000,1879,열망의 치킨 먹방,716
13,13,709916,2020. 11. 7.,11000,137,2270000,715,🕺ep.3-1 한잔줍쇼~십오야 콜라보! 마포로 간 어깨춤 세끼! #언제까지어깨춤을추게할거야,854
14,14,673992,2020. 11. 6.,6900,412,3750000,1896,[꼬꼬무] 7화 요약 '망치로 성인 4명을 때려 눕힌 무등산 타잔 박흥숙' | SBS NOW,1177
15,15,1572892,2020. 11. 6.,58000,883,1370000,8683,"[4K] 송민호(MINO)의 킬링벌스를 라이브로! | Hooligan, 시발점, Born Hater, Machine Gun, 노땡큐, 연금술, 붐벼, Ok man, 도망가 등",954
16,16,1075389,2020. 11. 6.,22000,923,144000,3948,Chocolate Fondue ASMR Mukbang 초코퐁듀 직접 만들어서 먹방!,632
17,17,120367,2020. 11. 7.,1600,76,147000,61,"쉽고 자세하게! 가을무생채 맛있게 담그는법, 무생채무침 맛있게 만들기 / 무우생채 담그는법",511
18,18,219118,2020. 11. 7.,5100,108,1190000,1108,산산조각케잌 먹방 (with쏘대장),482
19,19,138773,2020. 11. 6.,4200,55,99500,113,A thought on an autumn night (가을밤에 든 생각),187
20,20,2117832,2020. 11. 6.,220000,2600,22500000,9792,1MILLION X K/DA - MORE,218
21,21,307256,2020. 11. 6.,5300,187,631000,567,얼굴없이 치킨먹방만 보고 존잘남 찾은 존예 (Mukbang Fried Chicken/Spicy Fried Chicken/짜장치킨) #먹개팅 #NEW룩개팅13,874
22,22,1324577,2020. 11. 6.,47000,1000,5340000,1906,[K-Choreo 8K] 트와이스 직캠 I CAN'T STOP ME (TWICE Choreography) l @MusicBank 201106,224
23,23,596262,2020. 11. 6.,8500,169,346000,1258,대책마련이 시급합니다..고향찾아 돌아온 수천마리 연어떼에게 펼쳐진 충격적인 현실..[생도다큐],786
24,24,596158,2020. 11. 6.,6300,199,605000,903,"위가 2개인 먹방계 돌연변이 등장? 위내시경 결과 공개!┃Mutant with 2 Stomachs?! Revealing the Gastroscope Result, too!!",302
25,25,238443,2020. 11. 7.,8000,119,468000,1621,숨 막히는 연애,394
26,26,2288217,2020. 11. 8.,46000,950,2360000,2148,Chelsea 4-1 Sheffield United | Ziyech Stars As Silva Scores 1st Goal! | Premier League Highlights,138
27,27,508508,2020. 11. 7.,9100,190,517000,1606,마늘 스테이크 : 제발 한국인이면 K-스테이크 좀 요리합시다,598
28,28,748008,2020. 11. 7.,17000,561,844000,3644,[동충하초] 말뚝박기,257
29,29,808967,2020. 11. 6.,2200,141,1320000,401,[요약] 엄기준 두집살림도 모자라 애까지..? 모든 게 가짜인 이지아ㅠㅠ #펜트하우스 #SBScatch,1629
30,30,1464229,2020. 11. 4.,40000,847,2290000,3702,영화관 그 남자 & 정체 모를 석고상 [총몇명의 사연낭독],302
31,31,1924921,2020. 11. 4.,49000,451,1070000,7313,승우아빠 많이 컸다 페이커랑 요리도 하고,1042
32,32,736388,2020. 11. 6.,25000,374,2790000,3486,90년된 건물 수리하기,294
33,33,215256,2020. 11. 6.,5400,74,192000,709,남사친에게 좋아한다고 말해보았다.,554
34,34,89688,2020. 11. 8.,2800,25,184000,179,"[남편이 아내에게 하는 골프레슨] 드라이버, 이대로만 쭉 유지 할 수 있다면...",784
35,35,218777,2020. 11. 6.,4200,64,169000,103,"김창옥 교수 #04 | 마음이 건강한 사람들의 특징, 닥치지 않은 미래를 걱정하지 마세요 | #어쩌다어른 #사피엔스",222
36,36,245232,2020. 11. 6.,5000,177,80500,710,1000만원짜리 알바 #1 [기시니 스릴러툰],224
37,37,651697,2020. 11. 5.,17000,108,332000,1766,승우아빠 많이 컸다 페이커랑 밥도 같이 먹고,725
38,38,63965,2020. 11. 7.,997,13,19900,212,[#미쓰백 EP5_나다 CUT] ※심쿵주의※ 🔥절제된 카리스마🔥로 재해석한 무대! 역시 대다'나다',619
39,39,2777627,2020. 11. 3.,17000,1100,1090000,4984,‘신마적’ 최철호의 충격 근황...일용직으로 생계유지하는 이유는?[현장르포특종세상 449회],1068
40,40,562373,2020. 11. 7.,8900,99,208000,1005,하성운 (HA SUNG WOON) - '그 섬 (Forbidden Island)' M/V Teaser 2,28
41,41,8798811,2020. 11. 6.,980000,11000,2780000,339340,TREASURE - ‘음 (MMM)’ M/V,180
42,42,546780,2020. 11. 5.,4600,667,142000,1149,[김강민x황철순] 프로 보디빌더들의 등운동법,807
43,43,63846,2020. 11. 7.,523,32,72500,223,당구장 사장님이랑 내기 하면 안되는 이유,796
44,44,154257,2020. 11. 6.,1100,62,255000,46,"김장김치에 '이것'만 넣으면, 맛이 배가 된답니다",235
45,45,123444,2020. 11. 6.,2900,68,0,464,뱃속 아기에게 기생충이라는 미친 친구 | 사이다썰 | 영상툰 [니니파이브],211
46,46,823307,2020. 11. 6.,23000,1000,1550000,2546,에이핑크 보미님(Apink Bomi)께서 짜파구리를 드시러 오셨습니다!!,956
47,47,328100,2020. 11. 6.,12000,152,486000,3882,안녕하세요. 두부입니다.,212
48,48,603129,2020. 11. 4.,11000,422,136000,1320,"""할머니 저 라면20개 먹어요ㅎㅎ"" 47년 된 라면가게 털다가 또 혼났어욬ㅋㅋㅠㅠ웅이 먹방 EATING SHOW RAMYUN MUKBANG",954
49,49,421169,2020. 11. 6.,14000,149,212000,2532,구독자 수에 따라 얻는 엄청난 기능들..!,148
