,조회수,날짜,좋아요수,싫어요수,구독자수,댓글,제목,영상길이
0,2195422,2020. 11. 13.,55000,636,1100000,5491,네고왕 만나서 네고해왔습니다(ft.케이크왕) [네고왕] Ep.12,911
1,1470668,2020. 11. 13.,14000,562,206000,3037,강형욱 최초로 상황실 뛰쳐나가다! 지능적으로 보호자 무시하는 골든 레트리버 '도리' [개는 훌륭하다],1389
2,699205,2020. 11. 13.,9600,177,2250000,771,"[#구미호뎐] 김범에게 유일한 존재인 김용지, 이무기의 암시에 홀려 김범을 직접 죽이려고 했다? 제발 어떻게든 살아나주라..😭 | #갓구운클립 #Diggle",747
3,680631,2020. 11. 13.,12000,179,2290000,706,🕺ep.4-1 왜 술만마시면 싸우는건지 잘 모르겠지만 언제까지어깨춤을추게할거야,955
4,532198,2020. 11. 2.,11000,121,2290000,801,🕺ep.4-2 풍류취한사람특) 했던말또하고 별거아닌거로진지함 #언제까지어깨춤을추게할거야,637
5,1449181,2020. 11. 13.,14000,505,1200000,4516,"""너 미쳤어?"" 강형욱 극대노한 이유. 3개월 카네코르소와 대도시 노부부 가족 | 강형욱의 멍스쿨",869
6,2185222,2020. 11. 12.,44000,787,2660000,8493,[신병] 분리수거,283
7,510026,2020. 11. 13.,9600,158,2250000,719,"[#구미호뎐] 내 동생 괴롭히지 마😉 이래서 아기 여우가 형 못 잃지,, 이동욱 X 김범의 빌런 처단 빅픽처 총정리! | #갓구운클립 #Diggle",739
8,700336,2020. 11. 13.,8100,363,135000,1010,[꼬꼬무 8회 요약] ＂각오했기에 떳떳하다＂ 최악의 조폭 살인사건 | 꼬리에 꼬리를 무는 그날 이야기,1168
9,893864,2020. 11. 14.,9200,227,7760000,2900,SMTM9 [5회/풀버전] 스윙스 X 카키 X 래원 @3차 예선 I 트리플 크루 배틀 Full ver. EP.5 201113,184
10,777380,2020. 11. 14.,7300,246,7760000,3727,SMTM9 [5회/풀버전] 머쉬베놈 X 미란이 @3차 예선 I 트리플 크루 배틀 Full ver. EP.5 201113,183
11,1009617,2020. 11. 13.,5200,457,123000,3931,2020 올림픽대표 평가전 대한민국 vs 이집트 하이라이트,584
12,656011,2020. 11. 13.,96000,243,2640000,6502,"[4K][special] 마마무(MAMAMOO)의 킬링보이스를 라이브로! /Mr.애매모호,너나 해,데칼코마니,별빛밤,I miss you,HIP,고고베베,딩가딩가,AYA | 딩고뮤직",900
13,339615,2020. 11. 13.,2100,95,1320000,401,"[요약] 김소연X최예빈, 불륜+살인+부정입학 미스터리한 모녀의 비밀! #펜트하우스 #SBScatch",1392
14,331542,2020. 11. 13.,6800,137,641000,637,훈남이 존예 뷰티유튜버와 쌩얼로 소개팅하다 놀란 충격적 이유 (미트/쩡유/연우/Amazing Makeup/Korean) #레디팅 #NEW룩개팅14,819
15,262005,2020. 11. 13.,5800,171,156000,815,"500원짜리 부침개 털다가 고백 ""이모님..저 라면 20개 먹어요ㅎ.."" ㅋㅋㅋ주위사람들 반응 꿀잼 MUKBANG EATING SHOW",742
16,519616,2020. 11. 12.,7900,126,2250000,907,[#유퀴즈온더블럭] 화재현장 베테랑 김명배 소방위님이 기억하는 대구 지하철 화재사건 | #갓구운클립 #Diggle,1118
17,345703,2020. 11. 13.,2900,89,254000,856,국대 4인방 슈팅 훈련 ㄷㄷㄷ#황의조 #권창훈 #황희찬 #이강인 | 2020 유럽 원정 EP.6,335
18,1860222,2020. 11. 11.,48000,1100,2290000,10367,"안녕, 루시퍼 [지옥에서 온 그녀]",492
19,488343,2020. 11. 13.,5900,167,858000,1437,헤비급최강자 명현만 3대측정,818
20,145378,2020. 11. 13.,5100,78,23100,1237,그랑사가 | 연극의 왕 Full ver. [The King of the theater | Gran Saga],616
21,493975,2020. 11. 13.,10000,158,2320000,1113,(EN) 주인 나와! 빵먹다 화난 쭈니형? 🍞실시간 리얼 먹방 사운드🍞(+ 🍪3D 장인 @사나고 Sanago 가 여기서 왜 나와?)ㅣ와썹맨2 ep.19ㅣ박준형,754
22,1347268,2020. 11. 13.,20000,637,3790000,1846,오늘부터 ❄얼.죽.아❄ 뜻은 얼어서 죽을 것 같은 아이스링크입니다. 힘들어서 빙(氷)글 돌았어요🥶🥶 | 아이스링크 알바 리뷰 | 비비 | 워크맨 ep.76,769
23,569832,2020. 11. 12.,3400,210,692000,695,서진 룸살롱 사건의 배후? 범서방파 두목 김태촌의 고백 | 그알로 보는 '김태촌',724
24,5196805,2020. 11. 13.,1140000,2900,40100000,39111,2009** BTS (+ENG),387
25,582165,2020. 11. 13.,33000,13000,4700000,5187,SUB)입안 사르륵 초밥에 뜨끈한 우동 먹방🍣🍜 참치 연어 전복 등 모둠초밥 리얼사운드 Sushi & udon mukbang asmr,558
26,353686,2020. 11. 13.,5600,165,1070000,527,"저 사장 인데, 3억짜리 슈퍼카 정도는 타도 괜찮잖아요?",654
27,656438,2020. 11. 12.,7100,153,254000,1321,#손흥민#이강인 합류 #완전체 훈련 돌입! 도대체..킬포가 몇 개야? | 2020 유럽 원정 EP.5,381
28,82588,2020. 11. 13.,1300,44,64000,331,"아이폰 12 미니/프로/맥스, 나라면 이거 산다! 유튜버들의 선택은? [꿀가주몽 ep.4]",808
29,153980,2020. 11. 13.,1900,38,746000,147,필란드 빌사위 빌푸와 장인 장모님의 두근두근(?) 첫 만남! l #어서와정류장 l #어서와한국은처음이지 l EP.165,608
30,152068,2020. 11. 13.,1200,40,185000,220,이천수가 아시아의 베컴으로 불리는 이유.,594
31,791083,2020. 11. 12.,9200,188,31200,1020,[라디오스타] ＂너 진짜 잘 하고 있어＂ 이수만도 인정한 만능열쇠 키의 축 전역 토크✨ | #엠뚜루마뚜루 #잼모아,894
32,1271244,2020. 11. 11.,23000,398,1780000,4152,노래방 사장님의 노래실력 (Feat. 임창정) | ODG,531
33,688646,2020. 11. 12.,11000,391,340000,4128,이것은 상상도 못한 가지│맘스터치 리얼비프버거,497
34,186991,2020. 11. 13.,4400,112,82300,834,1000만원짜리 알바 #2 [기시니 스릴러툰],227
35,90800,2020. 11. 13.,5100,48,260000,179,몽골 가족이 한국에 처음 와서 충격받은 이유?,549
36,370179,2020. 11. 13.,17000,137,1800000,1344,성견 진돗개가 고양이에게 맞을때 보이는 놀라운(!) 행동,646
37,147474,2020. 11. 13.,6700,42,224000,966,울아빠도 인정한 폐가의 매력 (그렇다고 눌러앉을것까지야...)│MBC PD 시골살이 VLOG 오느른 EP.24,635
38,1471213,2020. 11. 11.,59000,38000,4700000,10563,SUB)바삭한 돈까스에 매콤새콤 쫄면 먹방 ! (ft.왕새우튀김) 리얼사운드 Pork cutlet jjolmyeon mukbang asmr,506
39,69463,2020. 11. 13.,1300,49,13300,364,개를 건드리면 안 되는 이유,336
40,341714,2020. 11. 12.,12000,210,890000,2170,미파학 개론 : Q&A 3편 - 모든 것을 말해줄게요,1785
41,167754,2020. 11. 12.,874,41,20800,148,구미호뎐 11회 - 이연에게 한방먹은 이무기 그를 만든건 복길이일까?,501
42,161103,2020. 11. 12.,2600,223,502000,488,"(Sub)""아빠가 여기 건물주에요"" Black Pink 리사 닮은 미녀분 빵터진 카페 알바 면접 몰카ㅋㅋ",541
43,177985,2020. 11. 12.,4400,135,57500,1660,어몽어스 애니메이션 - 펫3/AMONG US ANIMATION - PET3,223
44,737850,2020. 11. 12.,9300,218,623000,1229,친구라고? 18살 차이는 결국 극복할 수 없었습니다,524
45,319471,2020. 11. 12.,5200,107,297000,663,겨털밀기빵 게임내기중에 프로게이머가 몰래 대신한다면?ㅎㅎ,342
46,577789,2020. 11. 11.,7400,298,453000,881,저 승무원이었어요..,259
47,2713246,2020. 11. 9.,82000,67000,4700000,30945,SUB)매콤달콤한 제육볶음에 된장시래기국 집밥 먹방 리얼사운드 Jeyukbokkeum mukbang ASMR,659
48,224972,2020. 11. 11.,2100,44,149000,556,(펀치력 ㅎㄷㄷ) 헤비급 최강 핵주먹 김형규 VS 최강 맷집 이상수 100% 풀파워 스파링!!,405
49,370743,2020. 11. 11.,9800,86,2270000,784,[Eng] 초아(CHOA)에게 쎈 언니 메이크업 해주기😎 l 이사배(RISABAE Makeup),873
